{"cameraMode":{"drawMode":0,"name":"Shaded","section":"Shading Mode"},"sceneLighting":true,"audioPlay":false,"sceneViewState":{"showFog":true,"showMaterialUpdate":false,"showSkybox":true,"showFlares":true,"showImageEffects":true,"showParticleSystems":true},"in2DMode":false,"pivot":{"x":4.045888900756836,"y":2.0871543884277345,"z":0.8244152069091797},"rotation":{"x":0.007793989963829517,"y":0.06295262277126312,"z":-0.0004925471730530262,"w":0.9980010986328125},"size":32.13384246826172,"orthographic":false}