{"cameraMode":{"drawMode":0,"name":"Shaded","section":"Shading Mode"},"sceneLighting":false,"audioPlay":false,"sceneViewState":{"showFog":true,"showMaterialUpdate":false,"showSkybox":false,"showFlares":true,"showImageEffects":true,"showParticleSystems":true},"in2DMode":false,"pivot":{"x":0.3500058650970459,"y":3.291299819946289,"z":0.0},"rotation":{"x":0.001809298642911017,"y":-0.01650424674153328,"z":0.00002885802496166434,"w":0.9998769760131836},"size":32.78902816772461,"orthographic":false}